area_sqft,bedrooms,bathrooms,house_age,location,price
767,2,2,9,Greater Noida,6212000.0
2821,5,3,19,Greater Noida,20780000.0
2463,5,4,21,Greater Noida,18245000.0
1816,2,2,28,Greater Noida,11282000.0
1799,2,2,24,Ghaziabad,11465000.0
3075,5,3,7,Gurugram,22858000.0
757,1,1,6,Delhi,6466000.0
2592,5,4,27,Greater Noida,19088000.0
1104,3,3,15,Gurugram,9943000.0
782,1,1,3,Greater Noida,6329000.0
2079,3,2,25,Gurugram,13966000.0
3426,6,5,20,Greater Noida,24264000.0
2707,6,5,0,Ghaziabad,21903000.0
2783,4,2,24,Greater Noida,18209000.0
2652,5,4,18,Delhi,19871000.0
2858,6,5,19,Greater Noida,21541000.0
2039,3,2,26,Gurugram,13740000.0
884,1,1,15,Noida,5795000.0
3019,5,4,14,Ghaziabad,21895000.0
1851,3,2,19,Noida,13418000.0
2001,4,3,6,Gurugram,16544000.0
1612,3,2,4,Ghaziabad,12638000.0
1047,1,1,26,Delhi,6835000.0
3280,6,4,6,Gurugram,24860000.0
2844,5,4,15,Ghaziabad,20306000.0
2431,5,4,8,Noida,18772000.0
1707,3,2,7,Greater Noida,12983000.0
2968,5,4,18,Greater Noida,21553000.0
2136,4,2,24,Gurugram,14488000.0
1830,4,3,13,Gurugram,14197000.0
1851,4,3,4,Ghaziabad,15138000.0
1181,1,1,7,Gurugram,9003000.0
776,2,2,5,Greater Noida,6069000.0
2163,3,2,27,Delhi,15916000.0
3163,6,4,9,Greater Noida,23633000.0
691,1,1,11,Greater Noida,5212000.0
3074,6,4,2,Greater Noida,23729000.0
2982,5,4,13,Ghaziabad,21608000.0
1330,2,2,28,Greater Noida,8319000.0
2394,5,4,12,Greater Noida,19188000.0
995,2,2,20,Greater Noida,7540000.0
2774,5,4,5,Noida,21694000.0
2601,6,4,4,Gurugram,21376000.0
1563,3,2,22,Greater Noida,10479000.0
703,1,1,2,Noida,6553000.0
3412,6,5,13,Ghaziabad,24810000.0
1837,3,3,9,Gurugram,14532000.0
3179,6,4,0,Greater Noida,23592000.0
2533,4,3,16,Gurugram,17796000.0
2835,5,4,29,Delhi,20535000.0
2779,6,5,2,Delhi,22186000.0
1083,1,1,25,Greater Noida,5664000.0
1591,1,1,16,Noida,10817000.0
1900,5,4,22,Greater Noida,15474000.0
1993,5,4,2,Gurugram,17652000.0
631,1,1,26,Delhi,4106000.0
2139,3,3,0,Delhi,16766000.0
962,2,2,28,Gurugram,7394000.0
2730,5,4,20,Greater Noida,20301000.0
2549,5,4,10,Greater Noida,19169000.0
3267,5,4,0,Gurugram,25071000.0
2734,5,4,18,Ghaziabad,20046000.0
1599,3,2,2,Greater Noida,12703000.0
3402,5,4,18,Greater Noida,24033000.0
1732,4,3,23,Gurugram,13239000.0
1477,4,3,8,Noida,12958000.0
3216,6,4,7,Noida,24928000.0
1611,3,2,6,Delhi,13013000.0
729,1,1,6,Noida,6653000.0
1908,4,3,3,Noida,15161000.0
2887,4,3,7,Gurugram,22225000.0
1068,2,2,20,Ghaziabad,7746000.0
1888,3,3,9,Delhi,16093000.0
889,3,2,24,Ghaziabad,6045000.0
2559,5,4,25,Noida,18381000.0
1927,5,4,23,Noida,15091000.0
1490,2,2,16,Delhi,11127000.0
1180,3,3,9,Noida,10859000.0
2193,4,3,28,Ghaziabad,14856000.0
2509,4,3,6,Greater Noida,18993000.0
3320,6,5,14,Greater Noida,25117000.0
1811,4,3,14,Gurugram,14685000.0
982,2,1,23,Delhi,6611000.0
2998,4,3,16,Delhi,22131000.0
2389,4,3,24,Greater Noida,17225000.0
2600,4,4,28,Greater Noida,18290000.0
791,1,1,12,Delhi,6216000.0
1437,3,3,27,Noida,10506000.0
2803,4,3,5,Greater Noida,20438000.0
2996,4,3,28,Delhi,20994000.0
1805,4,3,5,Delhi,14830000.0
2914,5,4,26,Noida,20445000.0
3025,4,3,12,Delhi,21453000.0
1662,4,3,29,Ghaziabad,11461000.0
3194,6,4,4,Greater Noida,24263000.0
1364,2,1,14,Delhi,9985000.0
1218,1,1,27,Gurugram,7994000.0
2547,5,3,1,Ghaziabad,19782000.0
2410,5,3,8,Greater Noida,18010000.0
919,3,3,2,Greater Noida,9197000.0
2998,6,5,9,Ghaziabad,22762000.0
1099,2,2,12,Noida,8339000.0
2914,5,3,19,Ghaziabad,20879000.0
522,2,2,7,Noida,4455000.0
2890,6,5,4,Noida,22502000.0
2860,6,4,5,Ghaziabad,22428000.0
2841,5,4,29,Delhi,19647000.0
2494,4,2,29,Gurugram,17831000.0
1914,3,3,6,Noida,15407000.0
2615,5,3,6,Greater Noida,19527000.0
1331,3,2,1,Ghaziabad,10949000.0
2842,5,3,29,Ghaziabad,20069000.0
2166,4,3,21,Gurugram,15904000.0
1876,4,4,23,Delhi,14777000.0
2016,3,2,9,Ghaziabad,14242000.0
2206,5,3,19,Noida,16377000.0
611,1,1,1,Noida,5113000.0
919,1,1,20,Noida,6302000.0
1236,2,1,17,Delhi,9529000.0
843,1,1,10,Greater Noida,5964000.0
1818,3,3,22,Greater Noida,12240000.0
2505,4,3,20,Delhi,17694000.0
2463,4,3,13,Gurugram,18653000.0
1913,4,3,5,Ghaziabad,15745000.0
3065,5,4,0,Gurugram,23980000.0
2195,3,3,29,Delhi,15050000.0
737,1,1,8,Delhi,6394000.0
2794,6,5,9,Gurugram,22180000.0
2223,3,2,21,Noida,15197000.0
2404,4,3,7,Delhi,17968000.0
2196,4,3,11,Gurugram,17584000.0
2160,4,3,22,Gurugram,14869000.0
771,2,2,18,Ghaziabad,6149000.0
2177,4,3,20,Delhi,15939000.0
2884,6,5,0,Gurugram,23246000.0
1411,2,2,13,Gurugram,11515000.0
2308,4,2,14,Gurugram,16828000.0
592,1,1,19,Gurugram,4229000.0
1542,2,1,4,Greater Noida,11162000.0
1810,2,1,4,Delhi,13598000.0
3448,6,5,23,Ghaziabad,24564000.0
1143,2,2,20,Gurugram,7928000.0
1329,2,1,25,Gurugram,8775000.0
1725,3,2,8,Gurugram,14052000.0
3477,6,5,30,Ghaziabad,24521000.0
3060,4,2,8,Ghaziabad,21735000.0
604,1,1,20,Noida,4077000.0
1201,2,2,5,Delhi,9574000.0
2965,6,4,28,Ghaziabad,21898000.0
674,1,1,10,Ghaziabad,4874000.0
3067,6,4,24,Delhi,22406000.0
1344,2,2,10,Gurugram,11026000.0
3252,5,4,24,Noida,22727000.0
1380,3,2,14,Ghaziabad,10008000.0
1802,3,2,1,Delhi,14312000.0
2485,5,3,5,Gurugram,19582000.0
878,1,2,21,Delhi,6495000.0
2171,4,3,5,Delhi,18026000.0
2015,4,4,8,Gurugram,16474000.0
2851,6,4,16,Gurugram,20816000.0
3488,6,4,7,Delhi,26467000.0
2492,3,2,3,Greater Noida,17942000.0
1727,2,1,19,Ghaziabad,11372000.0
1719,4,3,21,Delhi,13353000.0
1753,4,3,22,Noida,13126000.0
2942,5,3,29,Delhi,20732000.0
1463,1,1,3,Ghaziabad,10581000.0
1000,2,2,13,Gurugram,7961000.0
1502,3,2,7,Greater Noida,11101000.0
568,2,1,27,Gurugram,5677000.0
818,2,1,16,Ghaziabad,5589000.0
770,1,1,3,Ghaziabad,6054000.0
2814,4,4,21,Delhi,19659000.0
2667,5,4,1,Ghaziabad,20653000.0
2590,4,3,8,Gurugram,19168000.0
1885,3,2,22,Noida,13008000.0
2651,6,4,15,Delhi,21081000.0
983,3,2,23,Gurugram,8112000.0
3201,6,4,17,Greater Noida,23617000.0
2003,3,3,26,Greater Noida,12902000.0
3314,6,4,17,Ghaziabad,24848000.0
956,2,2,1,Delhi,8076000.0
1991,4,3,2,Gurugram,16952000.0
2588,6,5,24,Delhi,20395000.0
1986,4,3,1,Delhi,16458000.0
1838,4,3,11,Ghaziabad,13676000.0
998,2,2,0,Delhi,9006000.0
1643,3,2,9,Greater Noida,12060000.0
1216,1,1,18,Ghaziabad,7812000.0
1404,3,2,5,Noida,11217000.0
2551,4,3,14,Noida,17689000.0
2390,3,2,30,Gurugram,16673000.0
2321,5,4,2,Gurugram,19024000.0
1585,4,3,1,Ghaziabad,12924000.0
3379,6,4,8,Noida,25078000.0
762,2,2,25,Noida,5761000.0
1527,4,4,12,Noida,12285000.0
854,2,1,19,Delhi,5495000.0
1516,3,3,1,Greater Noida,12487000.0
3385,5,3,22,Greater Noida,23661000.0
1598,3,2,2,Gurugram,12988000.0
3225,6,5,22,Gurugram,23598000.0
1985,3,3,4,Delhi,15587000.0
2599,5,4,26,Greater Noida,17935000.0
1872,3,2,9,Ghaziabad,13189000.0
1297,4,3,5,Greater Noida,10799000.0
2792,6,4,10,Gurugram,22290000.0
3407,6,4,0,Noida,25860000.0
1290,3,2,5,Delhi,10671000.0
2836,5,4,18,Ghaziabad,21423000.0
1283,2,1,9,Delhi,9978000.0
2650,4,3,10,Ghaziabad,19313000.0
2867,5,3,25,Noida,20134000.0
1848,3,3,3,Delhi,14494000.0
2710,4,3,12,Delhi,18988000.0
1316,3,2,5,Ghaziabad,10900000.0
737,2,2,14,Greater Noida,6081000.0
789,1,1,10,Greater Noida,5631000.0
1841,3,3,1,Ghaziabad,14217000.0
3207,6,5,2,Greater Noida,25005000.0
882,2,2,26,Greater Noida,5299000.0
1867,4,3,1,Greater Noida,14665000.0
2612,5,5,24,Noida,18873000.0
1107,1,1,28,Gurugram,7941000.0
2664,4,3,14,Greater Noida,19421000.0
1417,3,3,9,Noida,10459000.0
2925,6,5,24,Noida,21094000.0
2237,5,3,30,Gurugram,16360000.0
2140,5,4,3,Ghaziabad,16990000.0
1030,2,2,29,Greater Noida,6125000.0
1889,3,2,29,Ghaziabad,13332000.0
3069,5,4,4,Noida,23358000.0
558,1,1,1,Greater Noida,5078000.0
2775,5,3,22,Greater Noida,19334000.0
1978,3,3,2,Gurugram,16059000.0
2658,5,4,18,Noida,19588000.0
2489,4,3,2,Ghaziabad,18554000.0
1796,3,3,21,Delhi,13545000.0
1426,3,2,7,Gurugram,10953000.0
2381,4,3,2,Ghaziabad,18731000.0
920,2,1,2,Greater Noida,7576000.0
2252,4,3,5,Greater Noida,17634000.0
784,1,1,16,Greater Noida,4807000.0
2449,4,3,2,Delhi,18588000.0
2386,5,3,24,Greater Noida,16580000.0
753,1,1,18,Delhi,5611000.0
2772,4,3,9,Delhi,20581000.0
1747,2,1,30,Gurugram,11222000.0
2860,5,3,20,Greater Noida,19846000.0
624,1,1,20,Gurugram,4099000.0
1038,2,1,5,Ghaziabad,7969000.0
1981,4,3,22,Delhi,14593000.0
1064,1,1,17,Delhi,7183000.0
1489,3,3,30,Gurugram,11578000.0
2481,6,4,14,Ghaziabad,19015000.0
933,1,1,21,Delhi,6991000.0
2533,4,3,10,Greater Noida,18235000.0
810,1,1,1,Ghaziabad,6497000.0
1025,1,1,3,Ghaziabad,7565000.0
2262,4,3,26,Delhi,15520000.0
2880,6,5,22,Delhi,22519000.0
1011,3,2,11,Noida,8442000.0
1399,2,2,21,Gurugram,10495000.0
3275,6,5,0,Delhi,25417000.0
3469,6,5,1,Noida,26569000.0
2243,5,5,15,Gurugram,17642000.0
1841,3,2,19,Delhi,13935000.0
1540,3,2,29,Noida,10753000.0
2337,5,3,23,Ghaziabad,16990000.0
2272,6,5,7,Gurugram,19793000.0
1384,3,3,25,Greater Noida,10446000.0
568,1,1,15,Gurugram,4991000.0
954,2,1,25,Ghaziabad,5530000.0
3375,6,5,5,Greater Noida,25207000.0
1754,3,2,0,Greater Noida,13093000.0
1946,4,4,1,Ghaziabad,16008000.0
1901,3,4,30,Delhi,13713000.0
2848,5,4,2,Gurugram,21702000.0
694,1,1,29,Noida,4083000.0
748,2,2,22,Gurugram,5385000.0
1327,3,2,4,Ghaziabad,10573000.0
1959,2,1,26,Noida,11911000.0
2513,5,3,4,Gurugram,20059000.0
1972,3,2,4,Greater Noida,14806000.0
1823,2,2,17,Delhi,13806000.0
3313,6,5,8,Delhi,25852000.0
983,2,2,9,Noida,7819000.0
2215,4,3,6,Greater Noida,17131000.0
2126,4,3,18,Delhi,15332000.0
1920,3,3,0,Greater Noida,14441000.0
2922,5,4,7,Noida,22261000.0
1300,2,2,17,Noida,8484000.0
3361,6,4,15,Gurugram,25096000.0
1494,3,2,21,Noida,10389000.0
2135,3,2,6,Noida,15843000.0
2062,4,2,20,Ghaziabad,14079000.0
3049,6,4,23,Noida,22500000.0
1816,2,2,12,Delhi,13238000.0
1353,1,1,7,Ghaziabad,9994000.0
564,1,1,17,Delhi,4395000.0
1591,3,2,17,Ghaziabad,11043000.0
2978,5,3,2,Delhi,22623000.0
529,1,1,17,Delhi,3570000.0
3188,6,5,4,Ghaziabad,24568000.0
2128,5,4,17,Noida,16804000.0
920,1,1,28,Greater Noida,6465000.0
1406,2,2,16,Noida,9897000.0
2162,3,3,23,Noida,15039000.0
1447,3,3,9,Greater Noida,11097000.0
825,2,2,28,Greater Noida,5610000.0
2497,4,3,25,Noida,17728000.0
2516,3,2,28,Greater Noida,16425000.0
856,1,1,22,Ghaziabad,5796000.0
1343,2,2,20,Noida,9249000.0
1231,2,2,16,Greater Noida,9256000.0
2478,4,3,28,Noida,17486000.0
2690,5,4,26,Noida,19433000.0
2680,5,4,12,Noida,20144000.0
3316,6,5,2,Ghaziabad,26401000.0
2805,5,4,0,Delhi,21723000.0
1462,2,1,7,Delhi,11193000.0
823,2,1,1,Delhi,7150000.0
2343,3,3,6,Delhi,18440000.0
3248,6,5,3,Gurugram,25892000.0
3425,6,4,30,Greater Noida,23600000.0
1190,2,1,2,Delhi,9929000.0
1209,3,3,19,Gurugram,9977000.0
612,1,1,10,Ghaziabad,4342000.0
923,3,2,5,Gurugram,9039000.0
2164,4,4,21,Noida,16227000.0
2140,3,2,30,Gurugram,14715000.0
1612,3,2,24,Ghaziabad,11046000.0
1429,2,2,30,Greater Noida,9324000.0
2989,5,4,18,Noida,21915000.0
1880,4,3,20,Delhi,14333000.0
2924,6,5,4,Ghaziabad,22460000.0
3389,6,5,26,Greater Noida,25004000.0
1451,3,3,23,Greater Noida,9999000.0
1108,3,2,7,Gurugram,9907000.0
3358,6,5,10,Ghaziabad,24905000.0
2404,5,4,18,Noida,18977000.0
1372,3,2,0,Greater Noida,10770000.0
2365,3,3,25,Noida,15957000.0
2045,3,3,8,Delhi,15223000.0
3216,5,4,2,Gurugram,24755000.0
1267,2,1,10,Gurugram,9138000.0
3474,6,5,25,Delhi,25148000.0
3308,6,4,8,Delhi,24171000.0
1042,3,2,16,Ghaziabad,8159000.0
993,2,3,25,Delhi,7357000.0
2099,4,3,1,Noida,15979000.0
634,1,1,23,Ghaziabad,4354000.0
1396,3,3,8,Ghaziabad,10477000.0
1805,3,2,21,Noida,13135000.0
3408,6,5,5,Ghaziabad,25369000.0
3477,6,4,4,Delhi,27168000.0
954,3,3,24,Greater Noida,7662000.0
3175,6,4,25,Ghaziabad,22186000.0
772,2,2,30,Greater Noida,4644000.0
2745,4,3,20,Greater Noida,19411000.0
3036,5,4,14,Noida,22245000.0
3172,6,5,6,Greater Noida,24120000.0
1170,3,3,9,Gurugram,10842000.0
3180,6,4,20,Gurugram,23329000.0
847,2,2,10,Delhi,7392000.0
2056,4,4,14,Delhi,16517000.0
1908,4,3,5,Delhi,15819000.0
1447,3,2,13,Ghaziabad,10685000.0
566,1,1,7,Ghaziabad,4354000.0
2816,5,3,3,Delhi,20882000.0
1506,1,1,4,Delhi,10602000.0
2484,5,4,16,Ghaziabad,18634000.0
1730,1,1,11,Ghaziabad,11379000.0
1620,2,2,3,Ghaziabad,12063000.0
3158,6,5,15,Greater Noida,23992000.0
783,2,1,5,Greater Noida,5915000.0
2709,4,3,0,Noida,20390000.0
2740,4,3,4,Ghaziabad,20193000.0
1639,4,3,13,Delhi,12950000.0
1287,2,2,29,Delhi,9489000.0
515,3,2,7,Gurugram,6447000.0
3310,6,5,8,Noida,25333000.0
3343,6,4,7,Delhi,26229000.0
1222,3,2,11,Delhi,9387000.0
595,1,1,22,Ghaziabad,3686000.0
868,1,2,9,Greater Noida,6731000.0
702,1,1,20,Greater Noida,4111000.0
2993,5,4,27,Delhi,21637000.0
3175,5,4,29,Gurugram,22102000.0
959,2,3,17,Delhi,8202000.0
2740,4,2,22,Ghaziabad,19114000.0
1037,3,2,28,Delhi,7932000.0
1601,3,2,24,Noida,10482000.0
2298,4,3,9,Delhi,17178000.0
2659,5,3,4,Noida,20630000.0
3123,6,4,3,Gurugram,24427000.0
634,2,1,27,Gurugram,3513000.0
1089,1,1,17,Ghaziabad,7636000.0
1341,2,2,9,Greater Noida,10011000.0
1430,3,3,10,Delhi,11347000.0
3494,6,5,8,Delhi,27041000.0
2832,4,3,24,Delhi,19644000.0
1461,3,2,18,Ghaziabad,10208000.0
3415,6,5,27,Greater Noida,24499000.0
1997,3,2,9,Noida,15548000.0
2002,4,2,14,Greater Noida,15353000.0
1801,4,3,3,Ghaziabad,14513000.0
931,2,1,30,Ghaziabad,5910000.0
3303,6,5,15,Ghaziabad,24740000.0
541,1,1,17,Greater Noida,3154000.0
1022,2,2,12,Gurugram,8696000.0
1188,2,3,8,Greater Noida,9035000.0
1337,2,2,29,Gurugram,9398000.0
895,2,2,15,Greater Noida,6692000.0
553,2,1,20,Ghaziabad,4234000.0
2532,6,4,1,Delhi,20837000.0
3407,6,5,8,Greater Noida,24141000.0
865,1,1,24,Greater Noida,5354000.0
1389,3,2,2,Greater Noida,11441000.0
2018,4,3,3,Gurugram,16567000.0
3282,6,5,25,Noida,23877000.0
2582,5,4,9,Ghaziabad,20292000.0
2798,6,4,8,Delhi,22118000.0
2243,4,3,17,Delhi,16949000.0
1751,3,2,6,Ghaziabad,13566000.0
1099,2,2,1,Noida,9412000.0
3092,6,5,0,Noida,23966000.0
2912,5,4,2,Ghaziabad,20957000.0
575,1,1,4,Gurugram,5190000.0
2646,5,4,21,Noida,19833000.0
753,1,1,9,Gurugram,6025000.0
2716,5,4,2,Delhi,21770000.0
2977,6,4,0,Noida,23424000.0
893,1,1,14,Greater Noida,6676000.0
1801,4,3,26,Greater Noida,12763000.0
871,1,2,10,Gurugram,7361000.0
2201,3,3,1,Ghaziabad,16739000.0
3282,5,3,7,Greater Noida,24439000.0
742,1,1,15,Greater Noida,4327000.0
1692,3,2,5,Ghaziabad,12589000.0
3419,6,4,30,Noida,24530000.0
1402,2,1,23,Greater Noida,9813000.0
896,2,1,10,Noida,7213000.0
1965,4,3,29,Delhi,14116000.0
2025,4,3,10,Delhi,16196000.0
2488,5,4,4,Ghaziabad,19687000.0
1441,3,2,29,Noida,9837000.0
3366,5,3,29,Greater Noida,23003000.0
2063,3,2,9,Gurugram,16037000.0
1359,1,1,18,Greater Noida,9577000.0
3380,6,5,5,Noida,26165000.0
3274,6,5,19,Noida,24284000.0
1997,4,3,21,Gurugram,15042000.0
574,2,2,22,Noida,4880000.0
2290,4,3,17,Ghaziabad,16421000.0
2165,4,3,21,Gurugram,16193000.0
944,2,2,17,Delhi,7022000.0
2401,4,3,25,Ghaziabad,17225000.0
3022,5,3,5,Greater Noida,21768000.0
817,2,2,14,Noida,6461000.0
2669,4,3,12,Noida,19512000.0
921,2,1,16,Gurugram,8116000.0
2746,5,4,4,Noida,21025000.0
1757,3,3,10,Noida,13194000.0
519,2,1,29,Gurugram,3635000.0
3398,6,4,3,Ghaziabad,26199000.0
997,2,2,19,Greater Noida,5901000.0
2288,4,3,20,Delhi,16384000.0
1044,1,1,14,Ghaziabad,8222000.0
3299,6,4,1,Gurugram,25905000.0
2714,5,4,1,Ghaziabad,20394000.0
2913,5,4,8,Delhi,22222000.0
1796,4,4,3,Gurugram,15321000.0
1902,3,2,2,Ghaziabad,14673000.0
2402,4,3,4,Greater Noida,18880000.0
2854,5,4,5,Gurugram,22345000.0
3040,6,4,25,Greater Noida,21600000.0
553,1,1,19,Noida,4298000.0
2490,6,4,0,Ghaziabad,19704000.0
827,2,2,19,Gurugram,6277000.0
1363,3,2,4,Noida,10349000.0
2988,6,5,13,Gurugram,22526000.0
1251,3,3,1,Gurugram,10888000.0
2890,5,3,2,Gurugram,21758000.0
1889,4,3,4,Ghaziabad,14973000.0
1197,2,2,13,Greater Noida,8257000.0
1502,4,3,14,Ghaziabad,10368000.0
2092,3,3,10,Noida,15101000.0
2795,5,4,19,Gurugram,20682000.0
2318,3,3,22,Delhi,16169000.0
3299,6,4,22,Ghaziabad,24288000.0
3103,6,4,17,Ghaziabad,22438000.0
2760,5,4,16,Delhi,21168000.0
2309,4,3,15,Ghaziabad,16712000.0
1369,2,1,7,Gurugram,10564000.0
1737,3,3,15,Gurugram,13018000.0
856,1,1,0,Gurugram,7381000.0
1622,2,2,29,Delhi,10577000.0
3279,6,3,11,Delhi,24541000.0
1777,4,3,23,Greater Noida,12836000.0
841,3,3,29,Noida,6154000.0
2455,4,3,15,Ghaziabad,18072000.0
3387,6,4,26,Gurugram,24751000.0
3102,6,5,14,Noida,23321000.0
1322,2,2,4,Ghaziabad,10182000.0
1861,4,4,0,Noida,15500000.0
2093,4,3,4,Ghaziabad,15706000.0
1243,2,2,29,Noida,8353000.0
1306,2,2,14,Delhi,9658000.0
1209,1,1,9,Gurugram,8586000.0
3483,5,5,13,Delhi,25019000.0
2738,5,4,7,Delhi,21059000.0
3022,5,3,26,Greater Noida,21172000.0
2949,5,4,30,Ghaziabad,20151000.0
3377,6,5,2,Noida,27142000.0
815,2,2,22,Greater Noida,6242000.0
3144,6,4,10,Ghaziabad,24010000.0
699,1,1,1,Delhi,6627000.0
1926,4,3,28,Noida,14655000.0
2283,5,5,1,Gurugram,18835000.0
1573,3,2,6,Ghaziabad,10840000.0
938,2,1,0,Gurugram,8165000.0
1076,3,2,14,Ghaziabad,8642000.0
2973,6,4,18,Ghaziabad,21911000.0
1456,3,2,9,Delhi,11766000.0
1431,3,1,2,Gurugram,12337000.0
3270,6,4,3,Noida,25151000.0
931,1,1,28,Ghaziabad,5742000.0
3245,6,4,24,Noida,23036000.0
3262,5,5,29,Ghaziabad,22276000.0
2295,4,3,16,Gurugram,17965000.0
996,3,3,16,Gurugram,8781000.0
967,2,2,24,Greater Noida,6375000.0
1354,4,3,19,Greater Noida,10300000.0
2232,4,3,13,Ghaziabad,16081000.0
960,1,2,9,Greater Noida,6818000.0
1866,3,2,15,Noida,12967000.0
846,2,2,1,Greater Noida,6725000.0
2120,4,3,5,Ghaziabad,16111000.0
563,2,2,22,Ghaziabad,3974000.0
2627,5,4,26,Gurugram,19896000.0
666,1,2,3,Ghaziabad,5796000.0
1084,1,1,3,Greater Noida,8115000.0
1023,2,2,2,Delhi,8628000.0
2992,5,4,24,Delhi,21636000.0
660,1,1,9,Ghaziabad,5099000.0
1787,3,2,10,Ghaziabad,13382000.0
2273,4,2,0,Greater Noida,17170000.0
2047,4,3,30,Gurugram,15277000.0
2542,6,4,13,Gurugram,20169000.0
2909,5,4,24,Noida,21283000.0
1680,3,2,21,Greater Noida,11501000.0
2984,4,3,4,Greater Noida,20845000.0
1453,2,1,24,Gurugram,10119000.0
3453,6,4,17,Noida,25530000.0
2013,3,3,18,Greater Noida,14540000.0
2708,6,4,6,Greater Noida,21210000.0
3125,6,4,26,Ghaziabad,22108000.0
2877,6,5,28,Greater Noida,20574000.0
3053,6,5,12,Ghaziabad,23277000.0
2109,4,3,2,Delhi,17088000.0
630,1,1,26,Gurugram,4064000.0
1979,4,3,27,Noida,14714000.0
1044,3,3,15,Noida,8351000.0
3167,4,3,17,Noida,21968000.0
1210,1,1,6,Gurugram,9948000.0
1184,2,2,2,Delhi,10352000.0
1248,2,2,29,Ghaziabad,7871000.0
2427,5,3,14,Delhi,18667000.0
2213,4,3,8,Ghaziabad,16650000.0
3346,6,4,21,Greater Noida,22765000.0
1748,4,4,0,Ghaziabad,14110000.0
1346,3,3,2,Delhi,11692000.0
647,1,1,7,Noida,5146000.0
521,2,2,13,Delhi,5246000.0
1620,3,2,11,Ghaziabad,12467000.0
3277,6,5,5,Noida,25048000.0
2071,4,3,10,Greater Noida,15134000.0
3180,6,4,10,Ghaziabad,23792000.0
805,1,1,16,Greater Noida,5274000.0
779,2,2,17,Greater Noida,5875000.0
3000,4,4,27,Delhi,20964000.0
820,1,2,25,Ghaziabad,6198000.0
655,1,2,9,Ghaziabad,4198000.0
1712,3,2,27,Delhi,11885000.0
3274,6,4,16,Noida,24157000.0
2568,4,3,5,Greater Noida,18665000.0
797,1,2,10,Noida,6746000.0
3011,5,4,22,Gurugram,22404000.0
3030,6,5,25,Noida,22340000.0
2902,6,4,11,Gurugram,22406000.0
3207,6,4,4,Noida,24473000.0
1219,2,2,5,Greater Noida,9406000.0
3438,5,3,3,Delhi,25485000.0
1462,1,1,21,Gurugram,9715000.0
2906,5,4,15,Noida,21606000.0
2238,3,3,13,Greater Noida,16340000.0
2838,5,4,20,Gurugram,20542000.0
2383,3,1,25,Greater Noida,15047000.0
2427,4,3,24,Greater Noida,16121000.0
2348,4,3,4,Delhi,18637000.0
2836,5,4,18,Noida,20976000.0
2717,5,4,27,Gurugram,20118000.0
903,1,1,23,Gurugram,5560000.0
2978,6,5,10,Gurugram,24167000.0
2108,3,2,12,Greater Noida,14686000.0
1469,3,2,27,Noida,10378000.0
2042,4,3,1,Ghaziabad,16360000.0
3400,5,4,16,Greater Noida,23766000.0
3072,5,3,3,Gurugram,23106000.0
3001,6,5,27,Delhi,22382000.0
1888,4,4,1,Gurugram,17276000.0
2852,5,4,0,Delhi,22518000.0
1655,4,2,10,Delhi,13984000.0
2558,5,4,6,Noida,20462000.0
2418,4,2,15,Noida,17582000.0
1249,3,3,9,Noida,9964000.0
1299,4,3,11,Ghaziabad,11196000.0
683,3,2,17,Greater Noida,5125000.0
919,1,1,17,Gurugram,7413000.0
1800,3,2,28,Noida,12380000.0
1933,5,4,14,Gurugram,14682000.0
995,1,1,17,Delhi,6911000.0
1750,2,2,21,Noida,12279000.0
2312,4,3,5,Noida,17603000.0
1197,2,2,20,Greater Noida,8663000.0
1514,3,2,26,Greater Noida,9984000.0
1602,2,1,9,Greater Noida,10680000.0
2015,3,2,5,Ghaziabad,14766000.0
1599,2,2,10,Noida,11778000.0
2710,4,3,8,Noida,19825000.0
1482,4,2,18,Delhi,12221000.0
1801,3,2,26,Gurugram,12394000.0
1638,4,3,18,Greater Noida,12547000.0
1048,2,2,3,Gurugram,9183000.0
2557,5,3,9,Greater Noida,18438000.0
1206,2,1,21,Greater Noida,7439000.0
1390,1,1,10,Noida,9723000.0
2878,4,4,18,Ghaziabad,21245000.0
3346,5,4,21,Ghaziabad,23771000.0
2512,3,2,10,Delhi,17348000.0
3249,5,4,20,Noida,21894000.0
3062,6,4,12,Noida,23434000.0
1942,3,2,4,Ghaziabad,14367000.0
2810,6,4,11,Noida,22121000.0
1485,3,3,13,Noida,11216000.0
1881,4,3,0,Delhi,15770000.0
2106,3,2,27,Gurugram,14983000.0
3381,6,5,16,Ghaziabad,24601000.0
3045,6,5,1,Noida,23822000.0
1967,3,2,26,Gurugram,13817000.0
2457,5,4,26,Ghaziabad,17918000.0
1107,2,2,0,Delhi,9607000.0
2913,5,3,5,Noida,22324000.0
2159,3,3,11,Ghaziabad,15393000.0
2098,3,2,15,Noida,14385000.0
2798,5,4,22,Delhi,21507000.0
2398,5,4,13,Greater Noida,17921000.0
717,1,1,18,Gurugram,5120000.0
1364,2,1,0,Noida,10627000.0
1030,2,2,20,Delhi,7866000.0
2704,5,4,28,Noida,19221000.0
605,2,2,16,Delhi,5453000.0
1107,3,2,14,Ghaziabad,8566000.0
2292,3,3,9,Gurugram,17304000.0
2584,6,4,29,Delhi,18225000.0
2009,3,3,1,Greater Noida,16207000.0
3082,6,5,8,Noida,23722000.0
3256,6,5,4,Ghaziabad,25068000.0
896,1,1,26,Ghaziabad,4675000.0
3357,5,4,14,Noida,24141000.0
2343,4,3,28,Ghaziabad,15784000.0
2408,3,3,20,Greater Noida,17261000.0
785,2,1,17,Greater Noida,5418000.0
2365,5,4,16,Noida,18414000.0
2677,4,3,6,Greater Noida,19335000.0
2242,4,3,17,Greater Noida,16012000.0
753,1,1,21,Noida,4943000.0
2069,3,2,29,Ghaziabad,14151000.0
3307,6,5,17,Greater Noida,23468000.0
2670,5,4,29,Noida,18527000.0
912,3,2,29,Ghaziabad,5523000.0
3379,6,4,16,Noida,24320000.0
3376,6,4,13,Gurugram,24971000.0
1008,2,1,4,Ghaziabad,7143000.0
2902,6,4,8,Gurugram,22392000.0
1720,3,2,27,Gurugram,11302000.0
2281,4,3,4,Gurugram,17474000.0
1835,3,2,12,Ghaziabad,13767000.0
2847,5,4,21,Ghaziabad,20598000.0
3489,6,5,7,Delhi,26711000.0
2885,6,5,30,Noida,20686000.0
3294,6,5,20,Gurugram,23982000.0
3338,6,4,0,Greater Noida,24803000.0
770,2,2,7,Noida,6800000.0
1260,2,2,22,Greater Noida,8993000.0
2665,5,4,26,Greater Noida,19409000.0
2270,4,3,28,Noida,16238000.0
650,1,1,26,Delhi,4008000.0
785,1,1,2,Noida,6498000.0
2061,5,4,22,Gurugram,16004000.0
2348,5,4,3,Ghaziabad,18402000.0
1003,2,2,2,Delhi,9755000.0
1013,3,3,21,Greater Noida,7093000.0
888,1,1,14,Noida,6240000.0
2194,3,2,20,Noida,15798000.0
523,2,2,26,Delhi,3643000.0
2217,4,3,2,Delhi,17276000.0
1927,4,3,16,Greater Noida,14089000.0
1897,3,2,25,Greater Noida,12706000.0
2537,5,4,13,Gurugram,18966000.0
2067,5,4,16,Gurugram,16843000.0
2683,5,4,15,Ghaziabad,20089000.0
2791,5,4,28,Greater Noida,19883000.0
3260,6,4,1,Greater Noida,24375000.0
2897,5,4,27,Ghaziabad,20375000.0
2053,2,1,25,Ghaziabad,12579000.0
1976,4,4,25,Noida,14477000.0
1207,3,3,12,Noida,10922000.0
2298,3,2,15,Ghaziabad,15946000.0
917,1,1,11,Delhi,6436000.0
3293,5,4,7,Noida,24493000.0
3035,5,4,27,Ghaziabad,20584000.0
859,2,2,15,Noida,6311000.0
2857,4,3,22,Greater Noida,19235000.0
851,2,2,3,Delhi,7631000.0
2663,5,4,24,Greater Noida,19542000.0
763,1,1,20,Greater Noida,5161000.0
1964,2,2,30,Gurugram,13312000.0
2473,4,4,4,Noida,18578000.0
2686,6,5,16,Noida,20570000.0
1755,1,1,15,Gurugram,12128000.0
3264,6,4,16,Ghaziabad,23494000.0
2822,4,3,1,Noida,21006000.0
1124,3,3,14,Ghaziabad,9187000.0
2513,4,3,9,Ghaziabad,18219000.0
2691,5,4,19,Greater Noida,19721000.0
1500,3,2,7,Ghaziabad,12192000.0
2714,6,4,13,Delhi,21054000.0
3195,6,5,19,Greater Noida,24025000.0
2951,6,5,1,Gurugram,24033000.0
2787,4,3,24,Ghaziabad,18439000.0
2403,5,3,22,Gurugram,17473000.0
1311,2,2,1,Noida,10188000.0
2885,5,5,2,Greater Noida,21842000.0
1592,3,2,26,Delhi,11340000.0
2096,3,2,8,Gurugram,16052000.0
1443,3,3,26,Greater Noida,10791000.0
1439,3,3,15,Gurugram,11685000.0
972,2,2,10,Noida,7676000.0
3383,5,4,8,Ghaziabad,23648000.0
943,2,2,20,Greater Noida,6798000.0
758,2,1,3,Ghaziabad,6396000.0
3308,5,4,12,Gurugram,24612000.0
2165,3,3,10,Delhi,17221000.0
1813,4,3,4,Delhi,15489000.0
2712,5,4,10,Greater Noida,20688000.0
1649,3,2,16,Gurugram,12051000.0
883,3,3,21,Ghaziabad,6809000.0
2689,5,3,2,Delhi,20899000.0
1027,2,1,27,Delhi,6713000.0
2158,6,5,27,Delhi,17300000.0
3347,6,5,21,Delhi,24997000.0
3308,5,4,28,Ghaziabad,22330000.0
1582,3,3,13,Delhi,13002000.0
2840,5,4,25,Gurugram,20829000.0
2338,4,3,22,Greater Noida,15708000.0
1938,3,2,17,Ghaziabad,13517000.0
919,3,2,5,Noida,8449000.0
1629,3,2,17,Greater Noida,12103000.0
2455,4,4,27,Delhi,17564000.0
3459,6,4,30,Delhi,25018000.0
514,1,1,13,Greater Noida,3896000.0
2653,5,3,7,Ghaziabad,19232000.0
3039,6,4,23,Gurugram,21960000.0
3353,5,4,2,Noida,25614000.0
1771,3,2,4,Noida,14208000.0
855,3,3,17,Greater Noida,7311000.0
1312,3,2,30,Delhi,10057000.0
3051,5,3,10,Greater Noida,22612000.0
3133,5,4,13,Gurugram,23687000.0
2411,4,4,9,Gurugram,18303000.0
868,1,2,13,Ghaziabad,7046000.0
865,1,1,0,Greater Noida,7074000.0
1934,4,3,18,Noida,14347000.0
2264,3,3,18,Gurugram,16166000.0
597,2,2,9,Gurugram,6082000.0
2558,4,4,8,Ghaziabad,18268000.0
2133,4,3,23,Ghaziabad,15424000.0
536,1,1,5,Delhi,4569000.0
787,2,2,1,Delhi,7731000.0
1862,4,2,1,Noida,14645000.0
2667,6,5,27,Delhi,20111000.0
2976,4,4,11,Gurugram,21746000.0
1793,4,3,3,Delhi,14799000.0
1386,3,3,27,Ghaziabad,10618000.0
3404,5,4,4,Ghaziabad,25598000.0
1875,3,2,10,Greater Noida,13805000.0
1446,3,3,0,Delhi,12454000.0
1826,4,3,21,Greater Noida,13756000.0
536,1,1,21,Greater Noida,3937000.0
1405,3,3,23,Greater Noida,9813000.0
2046,5,4,8,Greater Noida,16300000.0
3255,6,4,10,Greater Noida,23331000.0
2714,3,3,29,Noida,18697000.0
2843,5,4,25,Delhi,21631000.0
2134,4,3,1,Ghaziabad,16582000.0
831,1,1,21,Gurugram,4931000.0
1672,3,3,25,Noida,12265000.0
3491,6,5,17,Delhi,25582000.0
632,1,2,19,Noida,4435000.0
3137,6,5,0,Ghaziabad,24611000.0
2553,4,3,0,Ghaziabad,19323000.0
1351,2,1,1,Ghaziabad,9972000.0
2833,6,5,4,Delhi,22462000.0
3010,5,4,30,Gurugram,21569000.0
629,1,1,19,Greater Noida,3951000.0
819,1,1,24,Gurugram,5119000.0
2497,6,4,9,Noida,19647000.0
3497,6,5,29,Greater Noida,24869000.0
571,1,1,6,Greater Noida,4540000.0
2497,5,3,27,Gurugram,17590000.0
909,1,1,0,Noida,7831000.0
2450,5,4,0,Greater Noida,18128000.0
2369,4,4,2,Ghaziabad,18037000.0
771,1,1,24,Gurugram,5041000.0
2542,4,3,7,Ghaziabad,18752000.0
3191,5,4,13,Gurugram,23992000.0
3090,6,4,14,Delhi,23905000.0
586,1,1,24,Delhi,3753000.0
1237,3,2,10,Delhi,10483000.0
1222,2,2,0,Noida,10165000.0
1859,4,3,11,Ghaziabad,13421000.0
929,1,1,8,Ghaziabad,7525000.0
3063,6,5,22,Greater Noida,21833000.0
2830,4,3,23,Noida,19940000.0
2925,6,4,2,Noida,23080000.0
1094,3,2,24,Delhi,8547000.0
543,1,1,2,Delhi,5014000.0
3231,6,4,19,Greater Noida,23789000.0
1366,3,3,12,Delhi,10487000.0
2468,5,3,9,Delhi,19087000.0
3228,6,5,14,Gurugram,24400000.0
608,1,1,9,Gurugram,4980000.0
516,1,1,24,Gurugram,3932000.0
516,1,2,29,Noida,3849000.0
968,3,2,25,Delhi,7422000.0
654,1,1,13,Greater Noida,5031000.0
2959,5,4,15,Ghaziabad,21523000.0
2317,5,4,13,Delhi,17819000.0
3440,6,5,24,Delhi,25102000.0
2904,6,4,17,Ghaziabad,21345000.0
3389,6,4,14,Gurugram,25038000.0
1215,2,2,12,Noida,9446000.0
1363,2,1,11,Noida,10041000.0
3048,5,4,17,Noida,21527000.0
1234,1,1,21,Gurugram,7643000.0
671,1,1,13,Ghaziabad,4936000.0
2507,4,4,25,Ghaziabad,17232000.0
2902,5,4,25,Delhi,21203000.0
3404,4,3,13,Ghaziabad,23991000.0
3283,5,4,28,Ghaziabad,22093000.0
860,2,1,5,Noida,6572000.0
2816,5,4,28,Noida,20843000.0
3038,6,4,9,Gurugram,23659000.0
2594,4,3,17,Ghaziabad,18169000.0
2959,6,4,8,Noida,22306000.0
3013,5,4,13,Greater Noida,21776000.0
1839,4,3,10,Greater Noida,13636000.0
620,3,3,21,Greater Noida,5847000.0
1868,4,3,2,Greater Noida,14522000.0
1105,2,2,25,Delhi,8468000.0
841,1,2,28,Noida,5264000.0
874,1,1,17,Greater Noida,5314000.0
2592,5,3,16,Ghaziabad,18669000.0
2013,4,4,21,Ghaziabad,13615000.0
2119,4,3,6,Gurugram,16743000.0
2735,6,4,23,Gurugram,20635000.0
2144,4,3,6,Greater Noida,16694000.0
2390,6,5,20,Ghaziabad,17549000.0
758,1,1,9,Noida,6387000.0
3053,6,4,23,Delhi,22953000.0
1846,4,3,24,Noida,14149000.0
965,2,1,6,Noida,7769000.0
2939,5,4,19,Delhi,22143000.0
2703,4,3,15,Noida,18822000.0
659,2,1,9,Ghaziabad,5702000.0
1079,3,2,18,Noida,8123000.0
547,1,1,30,Delhi,2698000.0
1312,1,1,0,Delhi,9629000.0
799,1,1,29,Ghaziabad,4501000.0
2629,4,3,26,Gurugram,18289000.0
2067,3,2,16,Ghaziabad,14575000.0
3440,6,5,18,Noida,24544000.0
2748,6,5,11,Noida,20565000.0
2334,4,3,4,Greater Noida,18248000.0
2027,2,2,17,Greater Noida,14089000.0
663,1,1,25,Greater Noida,3483000.0
710,1,1,7,Greater Noida,5416000.0
2348,6,5,22,Ghaziabad,18466000.0
513,1,1,23,Noida,3624000.0
627,1,1,23,Delhi,4459000.0
1157,3,3,10,Greater Noida,9986000.0
3152,6,5,12,Delhi,23884000.0
1876,4,3,12,Ghaziabad,14245000.0
2628,5,4,26,Gurugram,19396000.0
1734,3,2,27,Ghaziabad,11503000.0
1019,2,1,12,Greater Noida,7282000.0
1613,2,2,30,Ghaziabad,10263000.0
775,2,1,17,Delhi,6165000.0
2810,4,3,11,Ghaziabad,19615000.0
1050,2,2,0,Ghaziabad,9051000.0
1629,3,2,18,Ghaziabad,11120000.0
3440,6,4,19,Greater Noida,24615000.0
2275,4,3,30,Greater Noida,15442000.0
1875,3,2,22,Gurugram,13656000.0
2129,3,2,0,Delhi,15446000.0
2852,5,4,17,Noida,21428000.0
1263,2,2,23,Gurugram,8881000.0
2409,5,4,15,Delhi,19210000.0
3118,5,4,13,Noida,22721000.0
2217,5,4,25,Delhi,16798000.0
1839,3,2,18,Ghaziabad,13723000.0
935,1,1,21,Gurugram,6407000.0
1244,2,1,14,Ghaziabad,9240000.0
3338,6,5,8,Ghaziabad,25073000.0
2123,4,4,16,Greater Noida,16030000.0
1404,2,2,29,Greater Noida,9071000.0
1755,4,3,18,Delhi,14043000.0
2234,3,3,21,Gurugram,15777000.0
2112,4,2,3,Gurugram,16207000.0
2599,6,5,30,Delhi,19326000.0
1272,2,2,7,Delhi,10226000.0
2447,4,3,30,Ghaziabad,16502000.0
1828,4,3,13,Greater Noida,14228000.0
3321,6,4,28,Delhi,24507000.0
973,1,1,27,Greater Noida,5308000.0
945,1,1,23,Greater Noida,5504000.0
1884,4,3,28,Gurugram,13264000.0
2025,3,2,18,Ghaziabad,14929000.0
2572,6,5,26,Greater Noida,19314000.0
1712,3,3,5,Gurugram,14105000.0
3241,5,3,2,Gurugram,23861000.0
1922,3,2,16,Greater Noida,13546000.0
888,1,2,25,Ghaziabad,5840000.0
857,1,1,23,Ghaziabad,5135000.0
3420,6,5,16,Delhi,26098000.0
902,1,1,16,Gurugram,7693000.0
3343,6,4,18,Ghaziabad,23710000.0
1334,3,2,26,Delhi,9321000.0
780,1,1,26,Ghaziabad,4181000.0
1414,1,2,3,Gurugram,11695000.0
2344,5,3,18,Ghaziabad,17662000.0
1783,4,3,11,Greater Noida,13699000.0
2856,5,3,24,Ghaziabad,19994000.0
2332,5,4,15,Gurugram,17916000.0
1702,2,2,30,Delhi,11753000.0
2403,6,4,13,Noida,18783000.0
3414,6,4,21,Noida,24585000.0
1735,4,3,3,Ghaziabad,14216000.0
960,1,1,28,Gurugram,6147000.0
1726,2,3,4,Ghaziabad,12815000.0
3020,6,5,11,Ghaziabad,22894000.0
1152,2,1,25,Delhi,8325000.0
3347,6,5,29,Ghaziabad,24487000.0
2264,4,3,15,Gurugram,17375000.0
2304,4,2,15,Delhi,17321000.0
1451,4,4,1,Delhi,13091000.0
3261,6,5,30,Delhi,23400000.0
608,1,1,0,Delhi,6064000.0
1396,2,2,0,Noida,11232000.0
1755,4,3,14,Ghaziabad,12711000.0
1931,4,3,0,Noida,15525000.0
1922,2,2,5,Ghaziabad,13734000.0
943,1,1,19,Noida,6132000.0
1176,2,1,21,Ghaziabad,8473000.0
785,1,1,9,Greater Noida,5968000.0
2217,3,3,24,Noida,16053000.0
1552,2,1,18,Noida,10771000.0
2197,3,3,7,Ghaziabad,16133000.0
2269,5,4,22,Noida,16666000.0
2606,5,4,18,Gurugram,19793000.0
2141,4,3,25,Delhi,15605000.0
2443,4,3,4,Delhi,18221000.0
2261,4,2,7,Noida,16720000.0
2457,4,3,9,Delhi,18453000.0
2349,3,3,10,Delhi,17600000.0
1448,2,1,27,Greater Noida,9350000.0
1238,2,1,22,Noida,8184000.0
2862,4,2,16,Ghaziabad,19995000.0
1528,3,3,16,Delhi,11852000.0
2147,4,3,27,Noida,13965000.0
1090,1,1,13,Noida,7445000.0
1794,3,3,6,Greater Noida,14188000.0
2088,4,3,4,Ghaziabad,15309000.0
2378,5,4,10,Ghaziabad,18274000.0
2079,4,3,20,Ghaziabad,15683000.0
1581,2,2,14,Greater Noida,10770000.0
3385,5,5,13,Noida,24893000.0
2038,4,3,14,Noida,14839000.0
2924,6,4,30,Noida,21811000.0
2710,3,3,30,Delhi,18315000.0
2174,4,3,5,Delhi,17125000.0
3159,6,5,3,Ghaziabad,24880000.0
884,2,1,7,Noida,7523000.0
3263,6,5,26,Ghaziabad,23027000.0
3050,5,4,14,Gurugram,22509000.0
2010,4,3,26,Greater Noida,14415000.0
2700,4,3,20,Ghaziabad,18539000.0
2060,2,2,17,Ghaziabad,12894000.0
1306,3,2,8,Greater Noida,10223000.0
2899,5,4,10,Ghaziabad,20788000.0
1237,2,2,4,Ghaziabad,10317000.0
1443,2,2,16,Ghaziabad,10166000.0
2057,3,2,8,Delhi,15026000.0
3012,5,3,9,Ghaziabad,21605000.0
1651,2,1,1,Noida,11521000.0
1982,4,4,24,Noida,14234000.0
624,1,1,29,Ghaziabad,3871000.0
847,2,2,15,Gurugram,8131000.0
667,1,1,16,Noida,5172000.0
716,2,2,28,Noida,5078000.0
3105,5,4,15,Delhi,22782000.0
3025,5,4,19,Ghaziabad,21220000.0
2965,6,5,13,Greater Noida,23385000.0
666,2,2,15,Greater Noida,5289000.0
732,1,1,16,Delhi,6450000.0
1341,2,1,22,Ghaziabad,9391000.0
2195,5,4,18,Delhi,16356000.0
1502,3,3,15,Greater Noida,11008000.0
1962,4,2,2,Ghaziabad,14813000.0
1018,2,2,28,Gurugram,7306000.0
2692,5,3,27,Greater Noida,18778000.0
1441,3,2,5,Greater Noida,12628000.0
699,1,1,9,Noida,5014000.0
2728,5,4,30,Delhi,19767000.0
3208,6,4,9,Noida,24482000.0
544,1,1,25,Greater Noida,3217000.0
1810,4,3,24,Delhi,13662000.0
2981,6,4,26,Noida,21222000.0
2618,4,3,0,Gurugram,20330000.0
3069,6,5,14,Ghaziabad,23228000.0
1745,3,3,17,Greater Noida,12831000.0
1616,3,2,25,Ghaziabad,11281000.0
2627,5,4,6,Delhi,21233000.0
960,2,2,9,Ghaziabad,7969000.0
1218,3,2,5,Gurugram,10559000.0
2302,4,3,23,Gurugram,16300000.0
2505,5,4,30,Greater Noida,17481000.0
859,1,2,4,Delhi,7267000.0
2024,5,5,7,Greater Noida,16677000.0
1594,3,2,9,Gurugram,12383000.0
2005,4,4,27,Greater Noida,13975000.0
3375,5,3,13,Greater Noida,23415000.0
729,1,1,8,Delhi,5257000.0
3486,6,5,9,Delhi,26372000.0
1848,3,2,18,Noida,12576000.0
2816,5,4,11,Ghaziabad,20424000.0
1773,4,3,4,Greater Noida,13975000.0
1432,1,1,25,Delhi,8652000.0
2811,6,5,13,Ghaziabad,21634000.0
2562,5,4,7,Gurugram,20563000.0
932,2,2,22,Gurugram,6951000.0
2616,4,3,23,Delhi,18478000.0
2759,5,4,4,Delhi,21788000.0
1663,1,1,2,Gurugram,11959000.0
3276,6,5,1,Noida,25094000.0
2422,3,2,23,Delhi,17260000.0
1500,3,2,19,Delhi,11663000.0
532,1,1,24,Noida,3759000.0
2524,5,4,19,Gurugram,19630000.0
1127,2,2,12,Delhi,8068000.0
2769,5,4,18,Greater Noida,20777000.0
2075,3,2,22,Ghaziabad,14241000.0
1900,4,4,12,Ghaziabad,15135000.0
991,2,2,28,Gurugram,7348000.0
2634,5,4,27,Gurugram,19398000.0
997,2,1,24,Gurugram,7048000.0
1753,2,2,30,Delhi,11834000.0
3008,6,4,12,Noida,22629000.0
3261,5,4,3,Gurugram,25214000.0
3467,6,4,15,Noida,24706000.0
3374,6,4,23,Noida,24080000.0
2167,6,4,24,Noida,17696000.0
1101,1,1,12,Gurugram,7864000.0
3017,5,3,9,Ghaziabad,21843000.0
2904,6,5,13,Greater Noida,21683000.0
3470,6,4,24,Noida,25005000.0
2452,4,3,1,Ghaziabad,18186000.0
924,2,2,10,Delhi,7745000.0
2008,4,4,7,Gurugram,16727000.0
1844,4,3,24,Ghaziabad,12938000.0
3028,5,4,14,Delhi,22918000.0
1677,3,2,2,Gurugram,13937000.0
1485,2,1,8,Gurugram,11712000.0
740,1,1,1,Greater Noida,6056000.0
3006,6,4,14,Gurugram,24436000.0
2765,5,4,30,Ghaziabad,19798000.0
623,1,1,17,Gurugram,5004000.0
1801,4,3,26,Noida,12782000.0
1939,4,3,23,Noida,14183000.0
1907,3,2,27,Gurugram,14010000.0
3256,6,5,9,Delhi,25821000.0
952,1,1,29,Noida,6433000.0
1419,2,2,7,Gurugram,11546000.0
1042,2,2,13,Noida,7550000.0
1232,3,3,21,Delhi,9993000.0
3221,5,4,8,Greater Noida,23062000.0
3322,6,5,8,Noida,24607000.0
633,1,1,4,Gurugram,5872000.0
2396,5,4,0,Gurugram,19891000.0
1198,2,2,15,Noida,9359000.0
1077,3,2,30,Noida,7901000.0
1376,2,1,6,Delhi,10830000.0
1083,1,1,13,Noida,7177000.0
1970,3,2,29,Delhi,13482000.0
3486,6,4,23,Gurugram,24690000.0
2259,3,2,0,Delhi,16304000.0
2669,5,3,15,Greater Noida,19776000.0
1979,3,3,4,Noida,14921000.0
541,3,2,7,Delhi,6492000.0
752,1,1,7,Noida,6456000.0
1306,3,3,18,Ghaziabad,9579000.0
1231,1,1,6,Ghaziabad,8938000.0
3021,5,3,7,Delhi,22378000.0
3030,6,5,6,Greater Noida,22485000.0
3062,4,3,11,Delhi,22275000.0
2412,5,4,20,Delhi,18143000.0
2168,5,4,12,Greater Noida,16634000.0
2447,4,4,10,Greater Noida,19130000.0
1720,3,2,16,Noida,11887000.0
2510,5,3,19,Ghaziabad,18329000.0
2883,5,4,0,Greater Noida,21597000.0
2788,5,4,27,Noida,20389000.0
2341,3,3,28,Ghaziabad,15758000.0
674,2,2,18,Ghaziabad,5360000.0
2674,5,3,17,Noida,19199000.0
1599,2,2,21,Noida,10704000.0
2731,5,5,13,Noida,21254000.0
2118,3,3,11,Delhi,16713000.0
3143,5,5,10,Greater Noida,23523000.0
1515,3,2,4,Noida,11679000.0
3294,5,4,26,Noida,23335000.0
3033,6,4,9,Gurugram,24562000.0
1493,2,2,8,Greater Noida,11003000.0
1947,3,2,29,Delhi,14044000.0
2094,5,4,15,Ghaziabad,15805000.0
2805,6,4,19,Noida,21037000.0
2567,5,4,7,Greater Noida,19909000.0
3056,5,4,8,Noida,23056000.0
1609,3,3,22,Delhi,11701000.0
2014,4,3,13,Greater Noida,14698000.0
1792,3,2,4,Ghaziabad,13925000.0
3228,6,4,25,Noida,23825000.0
1414,3,3,12,Gurugram,12267000.0
2261,4,4,20,Greater Noida,17250000.0
860,1,1,10,Ghaziabad,6173000.0
3050,5,3,17,Gurugram,22165000.0
1652,4,2,24,Delhi,12940000.0
1521,2,1,27,Delhi,10446000.0
2248,4,4,6,Gurugram,17455000.0
1996,3,2,20,Noida,13560000.0
3043,6,4,28,Gurugram,22518000.0
2094,4,4,19,Ghaziabad,15348000.0
2050,5,4,4,Ghaziabad,16568000.0
814,2,2,5,Greater Noida,7424000.0
565,1,1,6,Delhi,5455000.0
1695,4,3,3,Gurugram,14962000.0
3494,6,5,23,Delhi,24749000.0
3252,6,5,29,Noida,23591000.0
2386,5,4,16,Ghaziabad,18196000.0
2392,4,3,18,Delhi,16923000.0
1674,4,4,23,Greater Noida,12309000.0
1032,1,1,12,Delhi,7240000.0
525,1,1,14,Delhi,4355000.0
1516,2,2,18,Noida,11462000.0
1449,2,1,9,Ghaziabad,11189000.0
1074,3,2,1,Noida,9177000.0
1277,3,2,17,Ghaziabad,9679000.0
574,2,2,25,Greater Noida,4405000.0
2323,6,5,2,Gurugram,19997000.0
3282,5,4,6,Gurugram,24938000.0
2572,5,5,8,Ghaziabad,19993000.0
1844,3,2,24,Ghaziabad,13262000.0
1760,3,2,15,Delhi,13633000.0
1422,2,2,16,Delhi,10049000.0
927,1,1,20,Delhi,6805000.0
2295,3,2,8,Delhi,17311000.0
2199,4,2,22,Gurugram,16096000.0
521,1,2,0,Gurugram,6139000.0
1746,4,3,3,Noida,14415000.0
1334,2,3,25,Ghaziabad,9216000.0
1010,4,3,20,Ghaziabad,8397000.0
2609,4,4,5,Ghaziabad,18623000.0
2077,4,3,13,Ghaziabad,15376000.0
2401,3,2,1,Delhi,17720000.0
2640,6,4,20,Ghaziabad,19114000.0
3445,6,5,23,Greater Noida,25429000.0
2908,5,4,8,Ghaziabad,21866000.0
2361,3,2,10,Gurugram,17275000.0
